{"cameraMode":{"drawMode":0,"name":"Shaded","section":"Shading Mode"},"sceneLighting":true,"audioPlay":false,"sceneViewState":{"showFog":true,"showMaterialUpdate":true,"showSkybox":true,"showFlares":true,"showImageEffects":true,"showParticleSystems":true},"in2DMode":false,"pivot":{"x":-89.77191925048828,"y":41.651302337646487,"z":136.52743530273438},"rotation":{"x":-0.10059806704521179,"y":-0.3572024405002594,"z":-0.038722727447748187,"w":0.9278166890144348},"size":78.43682861328125,"orthographic":false}